ad_id	brand	total_impressions	bucket	y
AE16546-2025-02-05124	dan newlin injury attorneys-dan newlin injury attorneys - 407-888-8000	10103	local_services	
AE16546-2023-42-04573	dan newlin injury attorneys-dan newlin injury attorneys	10857	local_services	
AE16546-2023-30-01298	jack bernstein, injury attorneys-jack bernstein_ injury attorneys	4148	local_services	
AE16546-2022-17-202254	beis plumbing-beis plumbing	1479	local_services	
AE16546-2025-46-01780	roto-rooter-roto-rooter - reliable plumbing services nationwide	1232	local_services	
AE16546-2025-52-03488	cenvar roofing & solar-cenvar roofing & solar - senvar roofing seasonal special: 20% off labor for roof replacement	34701	local_services	
AE16546-2025-48-05824	food city-food city - personal injury lawyers at your service	6164	local_services	
AE16546-2025-30-08606	music city prep clinic-music city prep clinic - music city prep clinic: promoting health and awareness	15150	local_services	
AE16546-2025-14-10913	dan newlin injury attorneys-dan newlin injury attorneys - injury attorneys legal services promotion	8352	local_services	
AE16546-2025-49-10965	columbia implant center-columbia implant center - innovative dental solutions at columbia implant center	2548	local_services	
AE16546-2021-07-02894	dan newlin injury attorneys-dan newlin injury attorneys - expert injury attorney	13729	local_services	
AE16546-2025-05-06853	perez design build remodel-perez design build remodel	7220	local_services	
AE16546-2026-01-01951	karl truman law office-karl truman law office - karl truman personal injury lawyer - client testimonials	9526	local_services	
AE16546-2025-19-05218	50 floor-50 floor - 50 floor flooring installation promotion	2021	local_services	
AE16546-2025-47-11362	sam aguiar injury lawyers-sam aguiar injury lawyers - sam aguiar injury lawyers - read client reviews	5429	local_services	
AE16546-2026-04-01408	doctors implants-doctors implants - discover the benefits of full mouth dental implants	1255	local_services	
AE16546-2025-24-04059	old timers roofing-old timers roofing - old timers roofing services	2508	local_services	
AE16546-2023-24-04701	joye law firm-joye law firm	1208	local_services	
AE16546-2024-17-03458	advanced hair restoration-advanced hair restoration - scan the qr code to schedule a free consultation	29472	local_services	
AE16546-2025-40-09248	desmond law office-desmond law office - personalized legal support from desmond law	8095	local_services	
AE16546-2025-14-02805	shelly leeke law firm-shelly leeke law firm - legal services advertisement in focus	16615	local_services	
AE16546-2025-52-03390	siskin hospital for physical rehabilitation-siskin hospital for physical rehabilitation - siskin hospital - physical rehabilitation and recovery	1812	local_services	
AE16546-2025-52-00580	kalfus & nachman-kalfus & nachman - accident injury legal services by kalfus & nachman	3516	local_services	
AE16546-2025-37-05535	thermal king windows-thermal king windows - thermal king windows - free installation offer	32782	local_services	
AE16546-2025-46-01802	team rehabilitation-team rehabilitation - team rehabilitation physical therapy free injury assessment	1425	local_services	
AE16546-2025-49-04535	robinson dental-robinson dental - robinson dental offers same-day emergency appointments	3404	local_services	
AE16546-2025-34-00157	ford - f-150-ford - f-150 - versatile pickup truck with hybrid and all-electric options	3453	local_services	
AE16546-2026-02-07620	walner law-walner law - experienced personal injury lawyers at your service	8877	local_services	
AE16546-2025-51-06177	mcdivitt law firm-mcdivitt law firm - experienced legal support for insurance disputes	5828	local_services	
AE16546-2026-01-00676	chattanooga men’s clinic-chattanooga men’s clinic - chattanooga men’s clinic - empowering men’s health	10477	local_services	
AE16546-2025-27-02901	ricci law firm injury lawyers-ricci law firm injury lawyers - legal assistance for car and texting accidents	19826	local_services	
AE16546-2025-02-03067	alexander shunnarah injury attorneys-alexander shunnarah injury attorneys	2267	local_services	
AE16546-2023-20-03954	abacus plumbing, air conditioning & electrical-abacus plumbing_ air conditioning & electrical - (713) 812-7070	3019	local_services	
AE16546-2025-23-02747	hollis dental care-hollis dental care - hollis dental: comprehensive dental solutions in maryland	1425	local_services	
AE16546-2025-51-04223	tuley law office-tuley law office - tuley law office: your trusted personal injury firm	13284	local_services	
AE16546-2025-19-03111	arrowhead clinic-arrowhead clinic - arrowhead clinic accident recovery services	9494	local_services	
AE16546-2026-01-04452	applebaum and stone law firm-applebaum and stone law firm - legal assistance and insurance claims support by applebaum and stone	30138	local_services	
AE16546-2025-11-09471	r&s flooring-r&s flooring - r&s wood flooring promotional offer	1954	local_services	
AE16546-2025-42-15212	dentistry for life-dentistry for life - dentistry for life free consultation offer	7353	local_services	
AE16546-2025-52-04959	trusmile dental implant center-trusmile dental implant center - true smile dental implant center: transform your confidence	5704	local_services	
AE16546-2026-03-05963	b&d law group-b&d law group - bd injury law: protect your rights after an accident	1060	local_services	
AE16546-2025-49-09431	snedaker law firm-snedaker law firm - the truth in black & white: personal injury law ad	3606	local_services	
AE16546-2025-38-00736	appearance implant & family dental-appearance implant & family dental - appearance implant & sedation dentistry clinic services	6810	local_services	
AE16546-2025-44-09488	brickyard dental group-brickyard dental group - collaborative dental care at brickyard dental group	2747	local_services	
AE16546-2026-02-08495	f.h. furr plumbing, heating, air conditioning & electrical-f.h. furr plumbing_ heating_ air conditioning & electrical - comprehensive $69 heating inspection by f.h. furr	153616	local_services	
AE16546-2025-36-15454	fast plumbing service-fast plumbing service - fast plumbing services and casino promotions	14416	local_services	
AE16546-2025-32-00980	rooter ranger-rooter ranger - rooter ranger plumbing services overview	18577	local_services	
AE16546-2026-02-04478	manoa valley veterinary clinic-manoa valley veterinary clinic - manoa valley veterinary clinic: convenient and experienced care	4237	local_services	
AE16546-2025-20-07755	gervelis law firm-gervelis law firm - injured? call gervelis 1-800-winwin	3985	local_services	
AE16546-2026-01-01265	care dental implant and cosmetic center-care dental implant and cosmetic center - care dental implant center - transforming smiles in treasure valley	2088	local_services	
AE16546-2026-02-02498	superior plumbing-superior plumbing - professional plumbing services - superior plumbing	45985	local_services	
AE16546-2025-08-04434	metzger wickersham-metzger wickersham - metzger wickersham personal injury help	1844	local_services	
AE16546-2025-41-00178	nahon, saharovich & trotz personal injury attorneys-nahon_ saharovich & trotz personal injury attorneys - injury law firm offering comprehensive legal services	12575	local_services	
AE16546-2025-29-03601	albuquerque er & hospital-albuquerque er & hospital - albuquerque er & hospital: comprehensive medical care	5479	local_services	
AE16546-2025-01-01867	nahon, saharovich & trotz personal injury attorneys-nahon_ saharovich & trotz personal injury attorneys	21305	local_services	
AE16546-2025-11-02531	bottaro law firm-bottaro law firm - legal services for accident injuries	8154	local_services	
AE16546-2026-01-02202	charles heating, air conditioning, plumbing & electrical-charles heating_ air conditioning_ plumbing & electrical - charles heating 20th annual excess inventory special	11343	local_services	
AE16546-2025-30-01326	calvin smith law-calvin smith law - calvin smith law firm: notable settlements and cases	6750	local_services	
AE16546-2026-02-00725	bell brothers heating, cooling & plumbing-bell brothers heating_ cooling & plumbing - free furnace with select hvac system purchase offer	12653	local_services	
AE16546-2026-01-01520	jacuzzi bath remodel-jacuzzi bath remodel - jacuzzi bath remodel arizona zero installation sale	1649	local_services	
AE16546-2025-36-01707	ars rescue rooter of nashville-ars rescue rooter of nashville - ars/rescue rooter hvac tune-up special	14538	local_services	
AE16546-2025-23-01745	dental associates-dental associates - dental associates: your trusted smile experts	6119	local_services	
AE16546-2025-10-07443	classic flooring center-classic flooring center - great lakes carpet and tile offer: no money down_ no interest for 18 months	5448	local_services	
AE16546-2025-01-07909	mike morse law firm-mike morse law firm	2164	local_services	
AE16546-2025-23-09742	the wilhite law firm-the wilhite law firm - cycling adventure with the wilhite law firm	3082	local_services	
AE16546-2022-47-10677	the sam bernstein law firm-the sam bernstein law firm	25431	local_services	
AE16546-2026-02-01411	heart heating, cooling, plumbing & electric-heart heating_ cooling_ plumbing & electric - heart plumbing services - $49 diagnostic offer	15259	local_services	
AE16546-2025-11-01102	ben abbott & associates-ben abbott & associates - legal services attorney promotion	103058	local_services	
AE16546-2024-44-07094	watkins construction & roofing-watkins construction & roofing	1009	local_services	
AE16546-2025-13-03255	killian law group-killian law group - legal assistance for injury claims by killian law group	1711	local_services	
AE16546-2025-52-00635	gwin-gwin - gwynn diy hvac installation and inspection service	14462	local_services	
AE16546-2026-03-06797	storm pro window and door-storm pro window and door - durable storm protection windows and doors	4315	local_services	
AE16546-2024-01-07160	mcdivitt law firm-mcdivitt law firm	2501	local_services	
AE16546-2025-06-09852	jamie casino injury attorneys-jamie casino injury attorneys	8437	local_services	
AE16546-2025-41-03356	artisan building and remodeling-artisan building and remodeling - roofing and damage repair services after storms	4501	local_services	
AE16546-2025-14-05991	dudley debosier injury lawyers-dudley debosier injury lawyers - legal services for accident claims	4652	local_services	
AE16546-2025-14-00944	dan newlin injury attorneys-dan newlin injury attorneys - legal services promotion by injury attorneys	5356	local_services	
AE16546-2025-35-06470	hope law firm-hope law firm - hope law firm legal services campaign	2056	local_services	
AE16546-2022-02-05850	makris law firm-makris law firm	1937	local_services	
AE16546-2021-08-04154	dan newlin injury attorneys-dan newlin injury attorneys - call 407-888-8000	2835	local_services	
AE16546-2025-03-08092	chiozza law firm-chiozza law firm	2119	local_services	
AE16546-2025-29-04665	facer law office-facer law office - elder law services - pacer law office	2259	local_services	
AE16546-2025-52-01073	dudley debosier injury lawyers-dudley debosier injury lawyers - dudley debosier injury lawyer ad	5839	local_services	
AE16546-2026-03-03731	courcier clinic physical therapy-courcier clinic physical therapy - effective neuropathy treatment at courcier clinic	2605	local_services	
AE16546-2025-45-06813	tobin hvac-tobin hvac - tobin hvac: your trusted year-round hvac partner	2497	local_services	
AE16546-2025-11-01036	berger & green attorneys-berger & green attorneys - legal services for injury claims	16684	local_services	
AE16546-2025-49-13951	midstate mitsubishi-midstate mitsubishi - explore electric hybrid vehicles at mid-state mitsubishi_ auburn	11883	local_services	
AE16546-2024-47-01308	dozier law firm-dozier law firm	5629	local_services	
AE16546-2025-37-01601	power northwest-power northwest - protect against rising electricity costs with solar solutions	2083	local_services	
AE16546-2025-44-01124	the law offices of jacob emrani-the law offices of jacob emrani - call jacob emrani for personal injury assistance	41893	local_services	
AE16546-2025-36-06565	classic flooring center-classic flooring center - no money down for 18 months offer at great lakes carpet & tile	2059	local_services	
AE16546-2026-01-06197	anthony plumbing, heating, cooling & electric-anthony plumbing_ heating_ cooling & electric - professional plumbing repairs at affordable prices	26367	local_services	
AE16546-2025-30-08002	king aminpour car accident lawyer-king aminpour car accident lawyer - attorney king aminpour & associates law firm promotion	1195	local_services	
AE16546-2024-33-03914	womac law firm-womac law firm	3794	local_services	
AE16546-2025-44-08764	leavitt, yamane & soldner-leavitt, yamane & soldner - legal services for injury claims and support	2526	local_services	
AE16546-2025-26-03917	bazaar home decorating-bazaar home decorating - custom window treatments with free consultation	1849	local_services	
AE16546-2025-20-02023	minton law firm-minton law firm - expert legal advice after car accidents by former adjuster	6358	local_services	
AE16546-2025-45-04172	thompson law-thompson law - lion law firm: proven success and fast service	6740	local_services	
AE16546-2024-45-08998	mcdivitt law firm-mcdivitt law firm - 303-i-am-hurt	4383	local_services	
AE16546-2025-36-07695	flooring america-flooring america - flooring_ cabinets_ and countertops by greer’s flooring america	3344	local_services	
AE16546-2025-39-04870	runion dental group-runion dental group - phyllis shares her experience with runion dental	8706	local_services	
AE16546-2025-16-09949	dan newlin injury attorneys-dan newlin injury attorneys - dan newlin injury attorneys client success story	7087	local_services	
AE16546-2025-44-03802	minner vines injury lawyers-minner vines injury lawyers - protecting elderly from abuse and neglect in care facilities	3188	local_services	
AE16546-2025-14-06713	mount sinai medical center-mount sinai medical center - mount sinai orthopedics: expert orthopedic care and minimally invasive techniques	2830	local_services	
AE16546-2026-01-08356	dan newlin injury attorneys-dan newlin injury attorneys - dan newlin injury attorneys - $1 million settlement	2427	local_services	
AE16546-2025-25-06315	gary massey injury lawyers-gary massey injury lawyers - gary massey injury lawyers information	1686	local_services	
AE16546-2025-18-06627	jim adler & associates-jim adler & associates - attorney jim adler: assertive legal representation	21333	local_services	
AE16546-2025-12-04011	jim glaser law-jim glaser law - legal assistance for injury claims	5148	local_services	
AE16546-2025-35-02207	children’s of alabama-children’s of alabama - hospital care for infants and families	6877	local_services	
AE16546-2023-14-03542	the downer law firm-the downer law firm	21751	local_services	
AE16546-2025-51-02174	bill howe plumbing-bill howe plumbing - family comfort with expert plumbing services	2733	local_services	
AE16546-2026-01-00671	wallside windows-wallside windows - wallside windows offers half off with extra discounts and no interest financing	42799	local_services	
AE16546-2025-41-04053	state roofing & exteriors-state roofing & exteriors - state roofing & exteriors: over 55 years of trusted service	2480	local_services	
AE16546-2025-50-09909	amg plumbing-amg plumbing - winter plumbing tips to prevent pipe freezing	2503	local_services	
AE16546-2024-37-07286	kleinman lessmann injury attorneys-kleinman lessmann injury attorneys	1027	local_services	
AE16546-2025-14-06862	az weight loss clinic-az weight loss clinic - az weight loss clinic transformation story	6483	local_services	
AE16546-2026-03-02872	aspire dental-aspire dental - aspire dental $99 new patient offer - cleaning_ x-rays_ exam	2259	local_services	
AE16546-2025-45-01618	kogan & disalvo-kogan & disalvo - personal injury law services by kogan & disalvo	3018	local_services	
AE16546-2025-50-04199	herzog law firm-herzog law firm - herzog law firm - professional legal services	4524	local_services	
AE16546-2025-47-11270	eagle flooring-eagle flooring - eagle flooring - expert guidance for your flooring needs	5265	local_services	
AE16546-2025-50-09086	long & long-long & long - long & long injury attorneys: professional legal support	4207	local_services	
AE16546-2024-35-01874	one way plumbing-one way plumbing	1649	local_services	
AE16546-2025-34-07263	walkup, melodia, kelly & schoenberger-walkup, melodia, kelly & schoenberger - legal advocacy by walkup law firm	6672	local_services	
AE16546-2025-41-08167	the brown firm-the brown firm - the brown firm: legal support for injury cases	4088	local_services	
AE16546-2026-01-00875	the illinois hammer-the illinois hammer - illinois hammer injury attorneys - get your best result	4682	local_services	
AE16546-2025-36-01853	law offices of james scott farrin-law offices of james scott farrin - james scott farrin - injury claim assistance	5191	local_services	
AE16546-2025-48-05692	davis law firm-davis law firm - davis law firm: client testimonial on personal injury case	29416	local_services	
AE16546-2025-24-06915	john michael bailey injury lawyers-john michael bailey injury lawyers - call jmb injury lawyers for legal assistance	2247	local_services	
AE16546-2025-29-01294	terry bryant accident & injury law-terry bryant accident & injury law - terry bryant accident & injury law - justice for car accident victims	4535	local_services	
AE16546-2025-33-02286	driskell law-driskell law - divorce_ custody_ child support - d&d law firm	1716	local_services	
AE16546-2025-27-06497	desert king windows-desert king windows - energy-efficient window solutions by desert king windows	16615	local_services	
AE16546-2025-38-07995	heuser & heuser-heuser & heuser - georgia attorney veteran support ad	1896	local_services	
AE16546-2026-01-06394	baseline solar-baseline solar - expert solar solutions for southwest virginia homes	1889	local_services	
AE16546-2025-40-06144	arlinghaus plumbing, heating & air conditioning-arlinghaus plumbing_ heating & air conditioning - heating system tune-up for chilly nights	17359	local_services	
AE16546-2022-42-06306	mitchener law firm-mitchener law firm	33135	local_services	
AE16546-2025-49-06101	robinson dental-robinson dental - robinson dental: innovative implant solutions for missing teeth	9895	local_services	
AE16546-2025-31-03939	maupin roofing and construction-maupin roofing and construction - maupin roofing & construction services	1900	local_services	
AE16546-2026-01-01769	trantolo & trantolo-trantolo & trantolo - 24/7 legal assistance for personal injury cases	2822	local_services	
AE16546-2025-40-05400	custom solar solutions-custom solar solutions - reliable solar power solutions for home and business	2330	local_services	
AE16546-2025-31-03796	the glenn armentor law corporation-the glenn armentor law corporation - gibson law firm legal services	2256	local_services	
AE16546-2025-10-10639	dan newlin injury attorneys-dan newlin injury attorneys - injury attorneys success story and services	15626	local_services	
AE16546-2025-39-02520	aeras-aeras - aeras hvac: $50 service special_ 24/7 availability	2216	local_services	
AE16546-2025-35-07555	we win injury law-we win injury law - injury law firm services overview	11983	local_services	
AE16546-2025-23-04495	best buy windows and siding-best buy windows and siding - best buy 469 windows offer	2256	local_services	
AE16546-2025-16-08799	hadinger flooring-hadinger flooring - find the perfect rug with over 8000 in stock	2858	local_services	
AE16546-2026-02-05981	warren’s decorating center-warren’s decorating center - explore custom blinds and flooring at warren’s decorating center	1436	local_services	
AE16546-2023-31-04017	levine benjamin law firm-levine benjamin law firm	54123	local_services	
AE16546-2025-18-02214	bell brothers heating and air conditioning-bell brothers heating and air conditioning - hvac repair services promotion	2257	local_services	
AE16546-2025-39-00704	sky heating, ac, plumbing & electrical-sky heating_ ac_ plumbing & electrical - sky heating and air services overview	1018	local_services	
AE16546-2025-03-02969	solarshield metal roofing-solarshield metal roofing	3450	local_services	
AE16546-2026-01-05589	carpet garage-carpet garage - save on popular flooring styles at carpet garage	17624	local_services	
AE16546-2025-37-09641	nahon, saharovich & trotz personal injury attorneys-nahon_ saharovich & trotz personal injury attorneys - legal settlement success stories	41643	local_services	
AE16546-2026-01-01257	richard harris law firm-richard harris law firm - richard harris law firm ad in desert diner setting	3478	local_services	
AE16546-2025-24-05165	overland park implant dental-overland park implant dental - op implant dental promotion	1712	local_services	
AE16546-2025-44-06277	the law offices of blaine barrilleaux-the law offices of blaine barrilleaux - law offices of blaine barrilleaux - personal injury firm	1747	local_services	
AE16546-2024-45-06273	buffalo dental implant-buffalo dental implant	2121	local_services	
AE16546-2025-10-08641	victors home solutions-victors home solutions - 50-year leak-free roofing guarantee	2418	local_services	
AE16546-2024-46-10970	battle born injury lawyers-battle born injury lawyers	8426	local_services	
AE16546-2024-28-07865	encompass health rehabilitation hospital-encompass health rehabilitation hospital	1005	local_services	
AE16546-2025-40-08687	the sam bernstein law firm-the sam bernstein law firm - experienced legal team highlighting success and legacy	6508	local_services	
AE16546-2025-40-04370	loewy law firm-loewy law firm - austin’s dedicated injury lawyer: community investment and success	2336	local_services	
AE16546-2025-50-08201	delta dental of michigan-delta dental of michigan - delta dental network: quality care and vibrant smiles	7840	local_services	
AE16546-2025-13-02325	gervelis law firm-gervelis law firm - legal services for truck accidents	3545	local_services	
AE16546-2025-22-00588	giant carpet one floor & home-giant carpet one floor & home - flooring expertise by giant carpet one	8459	local_services	
AE16546-2025-41-01696	precision air & plumbing-precision air & plumbing - precision air & plumbing offers ac discount and warranty	6790	local_services	
AE16546-2025-38-00210	nahon, saharovich & trotz personal injury attorneys-nahon_ saharovich & trotz personal injury attorneys - nst law: comprehensive legal support	30158	local_services	
AE16546-2025-50-02163	parnall law firm-parnall law firm - legal assistance for drunk driving victims by bert parnall	6018	local_services	
AE16546-2025-36-08584	the baton rouge clinic-the baton rouge clinic - baton rouge clinic healthcare services overview	3360	local_services	
AE16546-2025-16-00565	d’oliveira & associates-d’oliveira & associates - legal services for injury compensation	1964	local_services	
AE16546-2025-43-06151	macdonald hardwoods-macdonald hardwoods - macdonald hardwoods: quality hardwood flooring in denver	7520	local_services	
AE16546-2024-46-09411	brian hodgkiss injury lawyers-brian hodgkiss injury lawyers	2037	local_services	
AE16546-2026-02-06255	mike brandner injury attorneys-mike brandner injury attorneys - mike brandner injury attorneys: expert legal handling for your claim	4495	local_services	
AE16546-2025-40-03468	nahon, saharovich & trotz personal injury attorneys-nahon_ saharovich & trotz personal injury attorneys - experienced legal support for injury victims	25303	local_services	
AE16546-2026-02-02182	preferred home services-preferred home services - preferred home services hvac maintenance offer	7475	local_services	
AE16546-2024-31-03357	the mabra law firm-the mabra law firm - ronnie mabra	2530	local_services	
AE16546-2026-02-07571	buddy electric-buddy electric - reliable electrical services by buddy electric	3716	local_services	
AE16546-2025-27-03593	geoff mcdonald & associates-geoff mcdonald & associates - injury law firm advertisement - gma	8432	local_services	
AE16546-2025-44-02070	depaul community health centers-depaul community health centers - schedule an appointment with dr. carolina urbizo at depaul community health centers	4237	local_services	
AE16546-2025-51-03533	mike slocumb law firm-mike slocumb law firm - mike slocumb law firm injury assistance ad	16581	local_services	
AE16546-2025-24-07690	benson & bingham accident injury lawyers-benson & bingham accident injury lawyers - benson & bingham law firm promotion	2205	local_services	
AE16546-2025-18-07963	pella-pella - pella windows promotion - $400 off each window	3321	local_services	
AE16546-2025-41-07232	hicks & funfsinn-hicks & funfsinn - hicks & funfsinn: kentucky’s trusted injury lawyers	5930	local_services	
AE16546-2025-17-03839	whitley law firm-whitley law firm - whitley law firm ad	6522	local_services	
AE16546-2025-29-06805	topp home-topp home - topp home roofing and construction services	1728	local_services	
AE16546-2025-40-07371	hoffman law firm-hoffman law firm - hoffman law firm: legal support for injuries	13640	local_services	
AE16546-2024-16-04417	parrish devaughn injury lawyers-parrish devaughn injury lawyers	1520	local_services	
AE16546-2024-16-01469	the fischer law firm-the fischer law firm	3074	local_services	
AE16546-2024-08-27333	lerner & rowe injury attorneys-lerner & rowe injury attorneys - 702 877-500	1546	local_services	
AE16546-2025-44-03049	florida national university-florida national university - comprehensive programs at florida national university	5146	national_institutions	
AE16546-2026-02-06328	johnson county community college-johnson county community college - johnson county community college - your tomorrow starts here	6451	national_institutions	
AE16546-2025-03-00314	american career college-american career college - 855-acc-info	11597	national_institutions	
AE16546-2026-04-00119	neil for congress-neil for congress - neil khot: compassionate leadership against ice	32520	national_institutions	
AE16546-2024-47-05741	oakton college-oakton college - they lead and innovate	2801	national_institutions	
AE16546-2025-50-04668	fox - college basketball-fox - college basketball - fox primetime hoops basketball promotion	5650	national_institutions	
AE16546-2025-40-09984	the university of texas at dallas-the university of texas at dallas - the university of texas at dallas: innovators and entrepreneurs building the future	30961	national_institutions	
AE16546-2024-46-05942	university of mississippi medical center-university of mississippi medical center	2561	national_institutions	
AE16546-2025-44-03565	bera for congress-bera for congress - ami bera: addressing healthcare costs and women’s health rights	4061	national_institutions	
AE16546-2026-02-03594	seattle university athletics-seattle university athletics - seattle u men’s basketball vs. zags at climate pledge arena	1202	national_institutions	
AE16546-2025-19-07453	allan hancock college-allan hancock college - campus life and opportunities	1695	national_institutions	
AE16546-2025-44-02632	florida national university-florida national university - explore diverse careers with degrees from florida national university	6639	national_institutions	
AE16546-2025-08-07400	delta technical college-delta technical college - advance your career at delta technical college	1436	national_institutions	
AE16546-2025-07-08253	iti technical college-iti technical college - career growth with technical education	1306	national_institutions	
AE16546-2024-48-06000	minnesota state university moorhead-minnesota state university moorhead	1428	national_institutions	
AE16546-2022-48-09668	florida agricultural & mechanical university - medical marijuana education and research initiative-florida agricultural & mechanical university - medical marijuana education and research initiative	1422	national_institutions	
AE16546-2026-03-07365	fox 13+ - college basketball-fox 13+ - college basketball - gonzaga bulldogs vs. pepperdine waves on fox 13+	3071	national_institutions	
AE16546-2024-45-08724	carrington college-carrington college	1367	national_institutions	
AE16546-2025-39-06920	jackson college-jackson college - jackson college nursing program success story	2977	national_institutions	
AE16546-2025-17-01907	denver college of nursing-denver college of nursing - denver college of nursing advertisement	1594	national_institutions	
AE16546-2025-41-09772	thomas edison state university-thomas edison state university - thomas edison state university: advance your career	3365	national_institutions	
AE16546-2025-02-07208	trevecca nazarene university-trevecca nazarene university	1782	national_institutions	
AE16546-2025-52-00771	tidewater community college-tidewater community college - tidewater community college opportunities	34322	national_institutions	
AE16546-2024-42-04529	the ohio state university - the james cancer hospital and solove research institute-the ohio state university - the james cancer hospital and solove research institute	1260	national_institutions	
AE16546-2025-01-02012	university of colorado medicine-university of colorado medicine	17844	national_institutions	
AE16546-2025-27-07628	austin-bergstrom international airport-austin-bergstrom international airport - weather university promotions with ray benson	1917	national_institutions	
AE16546-2025-52-07281	rock entertainment sports network - women’s college basketball-rock entertainment sports network - women’s college basketball - cleveland state vs youngstown: women’s basketball live on rock network	6044	national_institutions	
AE16546-2024-46-02364	allan hancock college-allan hancock college	2880	national_institutions	
AE16546-2025-45-03780	college for technical education-college for technical education - online business operations certificate at technical education college	1787	national_institutions	
AE16546-2025-46-11918	john carroll university-john carroll university - john carroll university: inspiring future leaders	12398	national_institutions	
AE16546-2025-40-11597	richard bland college-richard bland college - explore richard bland college: affordable education and living options	4207	national_institutions	
AE16546-2025-48-10527	choffin adult career center-choffin adult career center - enroll in career programs at choffin career and technical center	1515	national_institutions	
AE16546-2025-49-12818	university auto and tire-university auto and tire - win a big green egg with oil change purchase	4982	national_institutions	
AE16546-2026-03-00632	tennessee tech university-tennessee tech university - a glimpse into tennessee tech campus life	13567	national_institutions	
AE16546-2025-32-07497	terra state community college-terra state community college - explore skilled trades at terra state community college	5019	national_institutions	
AE16546-2025-37-09726	hughes federal credit union-hughes federal credit union - university of arizona exclusive debit cards by hughes federal credit union	3321	national_institutions	
AE16546-2025-32-01233	banner health - banner–university medicine-banner health - banner–university medicine - another banner day – healthcare and sports collaboration	111205	national_institutions	
AE16546-2026-03-07419	horry-georgetown technical college-horry-georgetown technical college - hgtc boat building program - craftsmanship and innovation	1200	national_institutions	
AE16546-2023-44-03842	froedtert & the medical college of wisconsin-froedtert & the medical college of wisconsin	4662	national_institutions	
AE16546-2026-03-02024	salt lake community college-salt lake community college - rene’s journey at salt lake community college	2584	national_institutions	
AE16546-2026-02-04134	eric wilson for state senate-eric wilson for state senate - eric wilson for state senate campaign	44568	national_institutions	
AE16546-2024-47-01392	northeast alabama community college-northeast alabama community college	1118	national_institutions	
AE16546-2026-03-07187	horry-georgetown technical college-horry-georgetown technical college	1975	national_institutions	
AE16546-2022-49-05796	oakland community college-oakland community college	46290	national_institutions	
AE16546-2025-21-02598	ivy tech community college-ivy tech community college - technical education and career opportunities	5762	national_institutions	
AE16546-2025-15-06373	marshall university - school of nursing-marshall university - school of nursing - marshall university school of nursing program	3808	national_institutions	
AE16546-2026-03-02932	way for congress-way for congress - tahesha way: defender of health and voting rights	2211	national_institutions	
AE17151-2024-52-00011	university of tennessee-university of tennessee	2502	national_institutions	
AE16546-2025-45-09923	indiana wesleyan university-indiana wesleyan university - traffic updates sponsored by indiana wesleyan university	1880	national_institutions	
AE16546-2024-48-00101	gannon university-gannon university	2568	national_institutions	
AE16546-2025-33-07441	the university of kansas health system-the university of kansas health system - kansas city chiefs and university of kansas health system collaboration	1354	national_institutions	
AE16546-2022-22-05346	dorsey college-dorsey college	2618	national_institutions	
AE16546-2025-52-02841	garlan gudger for state senate-garlan gudger for state senate - conservative leadership: garlan gudger stands with trump	12661	national_institutions	
AE16546-2025-49-01892	university of utah-university of utah - u online at the university of utah: flexible online degrees	10368	national_institutions	
AE16546-2025-23-02241	asu mid-south-asu mid-south - career advancement at arkansas state university mid-south	1413	national_institutions	
AE16546-2024-46-08222	the university of texas at dallas-the university of texas at dallas - the future	4125	national_institutions	
AE16546-2020-49-04145	valley college-valley college - 216-453-8201	13646	national_institutions	
AE16546-2025-52-00693	university of tennessee system-university of tennessee system - university of tennessee’s vision for a future-driven workforce	5082	national_institutions	
AE16546-2025-49-01141	collegebound saver-collegebound saver - college bound saver: secure future education savings	1573	national_institutions	
AE16546-2026-03-07231	georgetown university - georgetown athletics-georgetown university - georgetown athletics - hoya nation basketball game ticket promotion	1458	national_institutions	
AE16546-2024-31-00145	cuyahoga community college-cuyahoga community college	36610	national_institutions	
AE16546-2026-03-08929	gagliardo for senate-gagliardo for senate - improving western new york with simple solutions	5354	national_institutions	
AE16546-2026-03-06457	cedarville university-cedarville university - ask the pharmacist: health and medication advice on living dayton	4769	national_institutions	
AE16546-2026-02-02835	laura fine for congress-laura fine for congress - laura fine for congress: championing key issues	457219	national_institutions	
AE16546-2026-03-00783	tennessee tech university-tennessee tech university - exploring opportunities at tennessee tech university	15101	national_institutions	
AE16546-2025-42-04743	savannah state university-savannah state university - savannah state university: building diverse leaders for the future	2881	national_institutions	
AE16546-2025-45-00836	the university of kansas cancer center-the university of kansas cancer center - the university of kansas cancer center: pioneering breakthroughs	19848	national_institutions	
AE16546-2025-48-07359	calvert hall-calvert hall - calder hall college high school: celebrating achievement and innovation	1028	national_institutions	
AE16546-2025-44-03518	bera for congress-bera for congress - send dr. ami bera to congress for healthcare	3345	national_institutions	
AE16546-2025-45-02645	trinity valley community college-trinity valley community college - trinity valley community college opportunities and achievements	1811	national_institutions	
AE16546-2026-01-04899	the ohio state university - wexner medical center-the ohio state university - wexner medical center - ohio state university wexner medical center new hospital announcement	50816	national_institutions	
AE16546-2025-46-01038	saint michael’s college (smcvt)-saint michael’s college (smcvt) - explore career opportunities at saint michael’s college	2671	national_institutions	
AE16546-2025-19-06830	alabama state university-alabama state university - alabama state university: take the next step toward your future	2058	national_institutions	
AE16546-2025-28-03626	eastern shore community college-eastern shore community college - eastern shore community college advertisement	1660	national_institutions	
AE16546-2024-01-02685	nightingale college-nightingale college	1031	national_institutions	
AE17151-2023-28-00048	south university-south university	1875	national_institutions	
AE16546-2024-52-05566	franklin university-franklin university	22029	national_institutions	
AE16546-2025-45-02377	yes - college basketball-yes - college basketball - homegrown talent in brooklyn vs 76ers basketball match	12091	national_institutions	
AE16546-2025-17-06137	tennessee department of treasury - tnstars college savings 529 program-tennessee department of treasury - tnstars college savings 529 program - start saving for your child’s future with tnstars	5831	national_institutions	
AE16546-2025-49-04451	houston city college-houston city college - houston city college: empowering your future through education	18373	national_institutions	
AE16546-2025-14-03755	tennessee department of treasury - tnstars college savings 529 program-tennessee department of treasury - tnstars college savings 529 program - child growth and savings plan advertisement	19531	national_institutions	
AE16546-2025-40-10739	harding mazzotti-harding mazzotti - college football and legal support ad	17584	national_institutions	
AE16546-2025-37-01080	university of colorado - anschutz medical campus-university of colorado - anschutz medical campus - banking for everyone - bellco credit union	3303	national_institutions	
AE16546-2026-01-01742	western governors university (wgu)-western governors university (wgu) - wgu: empowering graduates with higher salaries	37254	national_institutions	
AE16546-2025-51-02029	santa barbara city college - school of extended learning-santa barbara city college - school of extended learning - santa barbara city college - spring enrollment open	1238	national_institutions	
AE16546-2025-32-01205	the university of texas southwestern medical center-the university of texas southwestern medical center - follow your spark - ut southwestern	5539	national_institutions	
AE16546-2026-01-07544	the university of new mexico comprehensive cancer center-the university of new mexico comprehensive cancer center - comprehensive cancer care by nationally recognized experts	44541	national_institutions	
AE16546-2025-28-02755	sarah bush lincoln-sarah bush lincoln - north shore university hospital: advanced healthcare services	1485	national_institutions	
AE16546-2025-40-00900	the university of oklahoma-the university of oklahoma - ou health academic and sports excellence	63335	national_institutions	
AE16546-2025-47-16842	university of iowa health care - mission cancer + blood-university of iowa health care - mission cancer + blood - ui healthcare joins mission cancer and blood to advance cancer treatment	20336	national_institutions	
AE16546-2025-49-00584	ny state of health-ny state of health - enroll in new york state health coverage by december 15	4381	national_institutions	
AE16546-2025-31-02142	johnson county community college-johnson county community college - johnson county community college - start your journey	1217	national_institutions	
AE16546-2025-35-02898	universities of wisconsin-universities of wisconsin - university of wisconsin adventure ride	1042	national_institutions	
AE16546-2025-43-00086	trevecca nazarene university-trevecca nazarene university - discover your future at trevecca nazarene university	7489	national_institutions	
AE16546-2024-23-05700	cooper university health care - md anderson cancer center-cooper university health care - md anderson cancer center - wayne’s story: a team approach to advanced prostate cancer care	1390	national_institutions	
AE16546-2024-47-04304	university of the incarnate word-university of the incarnate word	1036	national_institutions	
AE16546-2025-51-00143	grand canyon university-grand canyon university - grand canyon university - find your purpose	1344	national_institutions	
AE16546-2026-03-00878	university of idaho-university of idaho - exploring cybersecurity and ai advancements in idaho	5158	national_institutions	
AE16546-2025-36-02150	metropolitan community college-metropolitan community college - metropolitan law and consulting services	2607	national_institutions	
AE16546-2026-01-00706	pamlico community college-pamlico community college - pamlico community college: flexible and affordable education opportunities	14015	national_institutions	
AE16546-2023-21-03747	florida technical college-florida technical college	6075	national_institutions	
AE16546-2025-49-12467	snead state community college-snead state community college - snead state community college—join the friendly campus	1129	national_institutions	
AE16546-2024-31-08186	parker university-parker university - earn a masters in sports_ fitness_ strength	3419	national_institutions	
AE16546-2025-51-07786	the phil berger committee-the phil berger committee - endorsement of phil berger by donald trump for state senate	5934	national_institutions	
AE16546-2025-51-00034	west shore community college-west shore community college - explore opportunities at west shore community college	5101	national_institutions	
AE16546-2026-02-07767	northeastern illinois university-northeastern illinois university - discover affordable education at northeastern illinois university	25503	national_institutions	
AE16546-2025-42-01346	utah valley university-utah valley university - utah valley university - a place to study and thrive	3153	national_institutions	
AE16546-2023-39-00561	the ohio state university - the james cancer hospital and solove research institute-the ohio state university - the james cancer hospital and solove research institute - dr. raquel reinbolt_ rupa ghosh-berkebile_ dr. alexandre da silva	21175	national_institutions	
AE16546-2026-02-06460	johnson county community college-johnson county community college - william bennett at johnson county community college: political science focus	6007	national_institutions	
AE16546-2025-46-12664	indiana university of pennsylvania-indiana university of pennsylvania - indiana university of pennsylvania - opportunities await	2690	national_institutions	
AE16546-2025-37-09943	university of northwestern ohio-university of northwestern ohio - university of northwestern ohio: diverse technical education	4189	national_institutions	
AE16546-2026-02-08780	minnesota golden gophers-minnesota golden gophers - university basketball game highlight	4008	national_institutions	
AE16546-2026-02-06552	university kia-university kia - university kia 2025 sale: up to $12_000 off msrp	1698	national_institutions	
AE16546-2025-52-08066	national louis university-national louis university - real conversations at national louis university	28672	national_institutions	
AE16546-2023-15-02060	thomas jefferson university-thomas jefferson university - home of sidney kimmel medical college	76676	national_institutions	
AE16546-2025-48-00840	university health-university health - university health advanced maternity care ad	2879	national_institutions	
AE16546-2025-33-00598	hampton university proton cancer institute-hampton university proton cancer institute - precision cancer treatment with cutting-edge technology	1019	national_institutions	
AE16546-2026-02-01081	southwest university-southwest university - start your career journey at southwest university	17052	national_institutions	
AE16546-2025-29-00842	tidewater community college-tidewater community college - tidewater community college: from here_ go anywhere	13857	national_institutions	
AE16546-2026-03-08316	michigan state university-michigan state university - impact of michigan state university research on lives	48968	national_institutions	
AE16546-2025-40-08276	medical university of south carolina-medical university of south carolina - musc health: women’s imaging and diagnostic services	2606	national_institutions	
AE16546-2026-02-00746	frontier schools-frontier schools - frontier schools: enroll now for premier education opportunities	32121	national_institutions	
AE16546-2025-42-11761	iowa western community college-iowa western community college - explore diverse career paths at iowa western community college	3971	national_institutions	
AE16546-2023-35-05564	rosedale technical college-rosedale technical college	2327	national_institutions	
AE16546-2025-41-10764	university of kentucky federal credit union-university of kentucky federal credit union - university of kentucky federal credit union ’it’s banking... only better!’	1795	national_institutions	
AE16546-2023-03-02672	temple university health system - temple lung center-temple university health system - temple lung center - breathe better for better future	4259	national_institutions	
AE16546-2020-49-01624	valley college-valley college - enroll virtually and train remotely	10639	national_institutions	
AE16546-2025-40-11499	university of colorado-university of colorado - cameron’s journey at cu	22098	national_institutions	
AE16546-2024-15-08957	coastal carolina community college-coastal carolina community college	1430	national_institutions	
AE16546-2026-03-01746	brown university health-brown university health - innovative cancer vaccine development at brown university health	14003	national_institutions	
AE16546-2025-04-01346	university of maryland global campus-university of maryland global campus	36506	national_institutions	
AE16546-2025-31-05823	lorain county community college-lorain county community college - career training at lorain county community college	2769	national_institutions	
AE16546-2024-27-01074	seminole state college of florida-seminole state college of florida	1660	national_institutions	
AE16546-2025-50-08709	university health-university health - university health dermatology specialists offer immediate appointments	6622	national_institutions	
AE16546-2025-39-07754	jackson college-jackson college - education and career opportunities at jackson college	1336	national_institutions	
AE16546-2025-28-01577	santa barbara city college-santa barbara city college - santa barbara city college campus and activities overview	2500	national_institutions	
AE16546-2026-02-02189	southern university shreveport louisiana-southern university shreveport louisiana - enrollment opportunities at southern university at shreveport	1684	national_institutions	
AE16546-2025-45-10890	horry-georgetown technical college-horry-georgetown technical college - horry georgetown technical college: building future careers together	7966	national_institutions	
AE16546-2025-46-00925	morris college-morris college - morris college programs for modern careers	3026	national_institutions	
AE16546-2025-52-01615	western governors university (wgu)-western governors university (wgu) - wgu flexible tuition for unlimited courses	18261	national_institutions	
AE16546-2025-30-08284	central virginia community college-central virginia community college - central virginia community college highlights diverse learning opportunities	2858	national_institutions	
AE16546-2025-52-03401	university of florida health-university of florida health - gold medal speed skating journey with uf health support	32885	national_institutions	
AE16546-2025-50-01385	leon health-leon health - enroll now with leon health: five-star service	7959	national_institutions	
AE16546-2025-51-05247	craven community college-craven community college	5909	national_institutions	
AE16546-2025-37-08636	nahon, saharovich & trotz personal injury attorneys-nahon_ saharovich & trotz personal injury attorneys - nst university campaign presentation	40357	national_institutions	
AE16546-2026-01-02637	norfolk state university-norfolk state university - explore opportunities at norfolk state university	3830	national_institutions	
AE16546-2025-26-01608	50 floor-50 floor - 50 floor installation in one day	16070	place_words	
AE16546-2025-45-11500	the 100 club of mass-the 100 club of mass - support for families of fallen heroes by the 100 club of massachusetts	2215	place_words	
AE16546-2026-01-05926	airport chrysler dodge jeep ram-airport chrysler dodge jeep ram - discover 2026 vehicles at airport chrysler dodge jeep ram	14060	place_words	
AE16546-2025-41-08200	ict auto pros-ict auto pros - wichita’s reliable paintless dent repair at ict auto pros	2671	place_words	
AE16546-2025-23-00737	ars rescue rooter of nashville-ars rescue rooter of nashville - ars rescue rooter home service ad	1596	place_words	
AE16546-2025-11-01282	habitat for humanity of dane county-habitat for humanity of dane county - community and housing development by habitat	1059	place_words	
AE16546-2025-30-00937	holm automotive center-holm automotive center - holden chevrolet dealership in kansas	4498	place_words	
AE16546-2026-02-08772	classic toyota of tyler-classic toyota of tyler - 2025 toyota trucks clearance sale at classic toyota tyler	11818	place_words	
AE16546-2025-43-09144	kish bancorp-kish bancorp - comprehensive financial solutions for central pa businesses	1352	place_words	
AE16546-2025-47-04074	disney on ice - jump in!-disney on ice - jump in! - disney on ice: adventure with mickey and friends	3281	place_words	
AE16546-2026-03-01205	jack schmitt chevrolet of o’fallon-jack schmitt chevrolet of o’fallon - exclusive offer on 2026 silverado 1500 at jack schmidt chevrolet	8969	place_words	
AE16546-2025-46-06647	stereophonic-stereophonic - stereophonic: award-winning show at pioneer center december 2-7	2183	place_words	
AE16546-2025-40-09790	wctv-wctv - wctv teacher of the month nomination	10249	place_words	
AE16546-2025-28-06241	crawl space solutions of arkansas-crawl space solutions of arkansas - all things crawl space	1156	place_words	
AE16546-2025-20-06192	alabama department of transportation - drive safe alabama-alabama department of transportation - drive safe alabama - alabama’s code of the road safety campaign	3838	place_words	
AE16546-2025-32-06337	rivers casino-rivers casino - this is philadelphia: a city that knows how to stay in style	3502	place_words	
AE16546-2026-03-03136	towne hyundai-towne hyundai - lease a 2026 hyundai kona se awd for $189/month at towne hyundai	8361	place_words	
AE16546-2025-46-02193	blue ridge cancer care-blue ridge cancer care - blue ridge cancer care: 50 years of service	2457	place_words	
AE16546-2026-01-04062	evergreen home & hearth-evergreen home & hearth - jøtul stoves available at evergreen home & hearth in maine	4706	place_words	
AE16546-2025-36-14901	lowe toyota of warner robins-lowe toyota of warner robins - toyota’s special offers with 20-year warranty	1399	place_words	
AE16546-2026-02-07478	columbia county performing arts center - tony howard’s motown & elvis revue-columbia county performing arts center - tony howard’s motown & elvis revue - tony howard’s motown review at columbia county pac	16265	place_words	
AE16546-2026-03-01203	greenhouse luxury spa-greenhouse luxury spa - relax and renew at greenhouse luxury spa	10411	place_words	
AE16546-2025-45-04762	stadium chevrolet buick gmc cadillac-stadium chevrolet buick gmc cadillac - pre-owned vehicle deals at stadium superstore	6399	place_words	
AE16546-2025-15-05017	national association of realtors-national association of realtors - real estate dream home ad campaign	1423	place_words	
AE16546-2026-03-02273	oxmoor hyundai-oxmoor hyundai - discover 2026 hyundai tucson and santa fe deals at oxmoor hyundai	8263	place_words	
AE16546-2025-52-01401	kcra 3-kcra 3 - kcra 3 celebrates 70 years of service in northern california	13991	place_words	
AE16546-2025-52-04852	cypress coast care-cypress coast care - cypress coast care: expert in-home and mobility solutions	1802	place_words	
AE16546-2026-02-07082	southland casino-southland casino - join rushing for riches at southland casino hotel in february	31719	place_words	
AE16546-2025-45-02408	outdoor decor store-outdoor decor store - relaxed outdoor gathering at outdoor decor store	1519	place_words	
AE16546-2025-49-10417	djr developments-djr developments - expert home upgrades by djr remodeling in omaha	3011	place_words	
AE16546-2026-01-07748	lafontaine chevrolet plymouth-lafontaine chevrolet plymouth - affordable new chevy deals at lafontaine	10818	place_words	
AE16546-2025-03-06247	stars drive-in - various-stars drive-in - various	1600	place_words	
AE16546-2023-38-05396	la-z-boy-la-z-boy - fall into comfort sale	1445	place_words	
AE16546-2025-06-06786	abc - disney magic of storytelling-abc - disney magic of storytelling	17465	place_words	
AE16546-2025-47-03694	fred anderson toyota-fred anderson toyota - new 2025 rav4 offers at fred anderson toyota	1582	place_words	
AE16546-2025-50-04479	puerto vallarta mexican grill and cantina-puerto vallarta mexican grill and cantina - puerto vallarta mexican grill & cantina in west jordan	1429	place_words	
AE16546-2025-41-00484	lexus of kingsport-lexus of kingsport - lexus of kingsport: customer satisfaction and excellence	3503	place_words	
AE16546-2026-04-00964	burleson honda-burleson honda - trade in your old car at burleson honda for $4_000	11038	place_words	
AE16546-2025-12-00822	lexus of wesley chapel-lexus of wesley chapel - exclusive offers at lexus sales event	1482	place_words	
AE16546-2025-40-05629	south carolina department of social services - abc quality-south carolina department of social services - abc quality - child care in south carolina: everybody’s business	1514	place_words	
AE16546-2025-51-04832	casa of lexington-casa of lexington	1636	place_words	
AE16546-2026-03-02974	wsil-tv 3 - golf card-wsil-tv 3 - golf card - wsil 2026 golf card: play 18 holes at top courses for $99	3643	place_words	
AE16546-2026-02-00448	love the philippines-love the philippines - explore the beauty of the philippines with erica olsen	21048	place_words	
AE16546-2026-02-04021	china towne furniture & mattress-china towne furniture & mattress - new year’s recliner sale at china towne	3785	place_words	
AE16546-2025-40-07722	abc 7 chicago-abc 7 chicago - price tracker: monitor costs of everyday items	2262	place_words	
AE16546-2025-36-03687	revive softwave therapy-revive softwave therapy - therapy session with dr. tim demerico at revive	1907	place_words	
AE16546-2025-41-02249	shot nurse-shot nurse - seasonal flu shots available at the shot nurse	14635	place_words	
AE16546-2026-03-03683	price chopper-price chopper - discover more ways to save at price chopper	204551	place_words	
AE16546-2025-52-00837	soaring eagle casino & resort - el dabarge wsg keith washington-soaring eagle casino & resort - el dabarge wsg keith washington - elda barge and keith washington live at soaring eagle casino	2687	place_words	
AE16546-2025-48-09716	aloha laser vision-aloha laser vision - discover clear vision with evo icl at aloha laser center	3381	place_words	
AE16546-2023-36-00719	genesis of mentor-genesis of mentor	2609	place_words	
AE16546-2025-45-06266	a strong heart - various-a strong heart - various - complete nutrition pet food available at amazon	3091	place_words	
AE16546-2025-49-07939	nc department of health and human services - vaccines-nc department of health and human services - vaccines - vaccination campaign: protect your family this season	4567	place_words	
AE16546-2025-40-09337	berger chevrolet-berger chevrolet - berger chevrolet: 100 years of service in west michigan	1177	place_words	
AE16546-2025-38-05291	toyota of tampa bay-toyota of tampa bay - explore car buying at toyota of tampa bay	1004	place_words	
AE16546-2025-27-05691	subaru of portland-subaru of portland - discover portland’s urban adventures	7419	place_words	
AE16546-2025-10-01012	masonic home for children at oxford-masonic home for children at oxford - charity donation appeal with scenic views	5725	place_words	
AE16546-2025-45-02766	nashville department of transportation and multimodal infrastructure (ndot) - vision zero-nashville department of transportation and multimodal infrastructure (ndot) - vision zero - vision zero sober driving campaign	1586	place_words	
AE16546-2025-41-11229	kia of riverdale-kia of riverdale - lease a 2025 kia sportage lx for $249/month	2181	place_words	
AE16546-2026-01-08405	the furniture mart-the furniture mart - 2026 home trends at furniture mart	62998	place_words	
AE16546-2025-51-05621	west herr auto group-west herr auto group - west her chevy year end sales event: exclusive trade-in and lease offers	2359	place_words	
AE16546-2025-45-09206	coloradans for responsible energy development-coloradans for responsible energy development - collaboration between police and oil industry in colorado	6222	place_words	
AE16546-2025-49-09846	eating disorder treatment centers of louisiana-eating disorder treatment centers of louisiana - eating disorder treatment centers of louisiana ad	1113	place_words	
AE16546-2025-43-00555	the new york botanical garden - nybg glow-the new york botanical garden - nybg glow - insurance covers weight loss procedures at nybg	33466	place_words	
AE16546-2026-03-06805	fox valley volkswagen of st. charles-fox valley volkswagen of st. charles - explore the 2025 volkswagen tiguan at fox valley volkswagen	2728	place_words	
AE16546-2026-03-04612	chevrolet of santa fe-chevrolet of santa fe - new 2023 chevy equinox - all-wheel drive suv at chevrolet cadillac of santa fe	1826	place_words	
AE16546-2023-50-05627	law offices of mark e. salomone & morelli-law offices of mark e. salomone & morelli	6922	place_words	
AE16546-2025-48-00030	showcase homes of maine-showcase homes of maine - explore affordable custom-built homes at showcase homes of maine	1947	place_words	
AE16546-2026-02-05518	kiefer mazda-kiefer mazda - mazda cars with 0% financing for 63 months at kiefer mazda	2476	place_words	
AE16546-2025-42-09717	peterson toyota-peterson toyota - toyota truck month at peterson toyota	5386	place_words	
AE16546-2025-10-06745	prado hotel-prado hotel - hospitality and dining experience at prado hotel	3796	place_words	
AE16546-2025-45-01520	miller furniture-miller furniture - black friday furniture sale at family-owned store	14296	place_words	
AE16546-2025-39-00462	eager beaver-eager beaver - comprehensive tree care services in kentuckiana	2380	place_words	
AE16546-2026-01-08397	stewart’s shops-stewart’s shops - egg white muffin with turkey sausage at stewart’s shops	1366	place_words	
AE16546-2024-30-00404	coushatta casino resort-coushatta casino resort - largest gaming floor in southwest louisiana	4213	place_words	
AE16546-2025-43-06106	swope hyundai-swope hyundai - hyundai driving experience at swope hyundai elizabethtown	14310	place_words	
AE16546-2026-02-02548	hot tub swim spa blowout expo-hot tub swim spa blowout expo - hot tub and swim spa expo at cabarrus arena	6049	place_words	
AE16546-2026-03-01003	confidentially yours-confidentially yours - experience custom bra fittings at confidentially yours	3293	place_words	
AE16546-2026-02-06220	halleen kia-halleen kia - explore new 2025 kias at halleen kia	106646	place_words	
AE16546-2026-03-04450	coconut point ford-coconut point ford - start 2026 with savings on f-150 and more at coconut point ford	12586	place_words	
AE16546-2025-41-08823	holler ford-holler ford - holler ford grand opening near railroad bridge in maitland	5902	place_words	
AE16546-2025-47-15018	tema furniture-tema furniture - discount offer on stressless seating at tema furniture	5707	place_words	
AE16546-2025-32-03431	community partnership of the ozarks - buying alcohol for minors is illegal-community partnership of the ozarks - buying alcohol for minors is illegal - buying alcohol for minors psa	2061	place_words	
AE16546-2024-44-00545	new york cancer & blood specialists-new york cancer & blood specialists - #1 for most top doctors in cancer care in 2024	2233	place_words	
AE16546-2025-38-03562	yaamava’ resort & casino at san manuel - various-yaamava’ resort & casino at san manuel - various - live performances at yaamava’ theater: chance the rapper_ kali uchis_ pitbull	21581	place_words	
AE16546-2026-04-00505	third federal savings & loan-third federal savings & loan - lock in a 3.75% apy with third federal’s 5-month cd	42077	place_words	
AE16546-2025-06-10110	mercedes-benz of bonita springs-mercedes-benz of bonita springs	3924	place_words	
AE16546-2026-01-04632	fun spot america-fun spot america - experience unforgettable thrills at fun spot america	6159	place_words	
AE16546-2025-47-04073	fewlr-fewlr - fueler app for affordable home heating oil in connecticut	8597	place_words	
AE16546-2026-02-03124	american riviera bank-american riviera bank - american riviera bank at the intersection of local and limitless	2688	place_words	
AE16546-2025-36-03684	law offices of james scott farrin-law offices of james scott farrin - accident injuries help - james scott farrin	17491	place_words	
AE16546-2025-38-00984	kansas-kansas - live concert at heartland events center - september 21	1214	place_words	
AE16546-2025-47-11621	romano chrysler jeep-romano chrysler jeep - meet new gm andy phillips at romano chrysler jeep	1015	place_words	
AE16546-2026-03-00984	runsignup - 5k run-runsignup - 5k run - race for the green: 5k & half marathon in seneca_ sc	3107	place_words	
AE16546-2026-03-05703	asheboro ford-asheboro ford - drive a new maverick for $438/month at asheboro ford	1270	place_words	
AE16546-2026-03-01924	mercedes-benz of harlingen-mercedes-benz of harlingen - 2023 mercedes-benz glc 300 suv offer at holiday love celebration	3563	place_words	
AE16546-2023-09-04877	lexus of wesley chapel-lexus of wesley chapel	2689	place_words	
AE16546-2024-43-08652	outdoor stewards of conservation foundation-outdoor stewards of conservation foundation - outdoor stewards of conservation psa	1008	place_words	
AE16546-2026-03-01018	towne chrysler dodge jeep ram-towne chrysler dodge jeep ram - town chrysler dodge jeep ram sales event in hamburg	5647	place_words	
AE16546-2025-02-05148	galleria of arts and antiques-galleria of arts and antiques	1800	place_words	
AE16546-2025-41-04970	hawaii medical service association-hawaii medical service association - hawaii community values reflected in healthcare and coaching	4984	place_words	
AE16546-2026-03-01031	ringling brothers barnum and bailey - the greatest show on earth-ringling brothers barnum and bailey - the greatest show on earth - ringling bros. present: greatest show on earth in philadelphia	65774	place_words	
AE16546-2025-39-06682	venu - luxe firesuites-venu - luxe firesuites - invest in luxury amphitheatre fire suites with guaranteed returns	4097	place_words	
AE16546-2025-17-00426	rome bathroom remodeling of forty fort-rome bathroom remodeling of forty fort - bathroom remodeling with transparent pricing	2919	place_words	
AE16546-2025-42-10832	the price is right live!-the price is right live! - the price is right live at orpheum theater	1185	place_words	
AE16546-2023-04-05679	the book of mormon-the book of mormon - february 10-11	9475	place_words	
AE16546-2025-44-03657	emplify health-emplify health - empathy in orthopedic care and sports medicine	3258	place_words	
AE16546-2026-03-05419	sunny wedding showcase-sunny wedding showcase - sunny 101.5 wedding showcase at south bend international airport	5601	place_words	
AE16546-2025-27-09107	mi state of mind-mi state of mind - state of mind dispensary in latham center	6062	place_words	
AE16546-2025-50-11626	spectrum-spectrum - spectrum’s community support in nanakuli_ hawaii	19043	place_words	
AE16546-2025-39-00453	ed rehmanns-ed rehmanns - explore michigan’s largest carhartt collection at raymond’s in chesney	1742	place_words	
AE16546-2025-51-03764	publix gasparilla distance classic - pepperjack’s hot diggity dog walk-publix gasparilla distance classic - pepperjack’s hot diggity dog walk - hot diggity dog walk - register at rungasparilla.com	4615	place_words	
AE16546-2026-03-08681	patriot chevrolet of bartlesville-patriot chevrolet of bartlesville - patriot chevrolet offers negative equity assistance and silverado discounts	2737	place_words	
AE16546-2026-03-02514	charlie’s dodge chrysler jeep ram-charlie’s dodge chrysler jeep ram - lease the 2026 ram 1500 crew cab big horn 4x4 at charlie’s	3104	place_words	
AE16546-2025-47-15382	precision garage door of wisconsin-precision garage door of wisconsin - precision door service installation and repair	2281	place_words	
AE16546-2025-47-11123	the appliance wizard-the appliance wizard - comprehensive appliance services at the appliance wizard	2025	place_words	
AE16546-2025-37-07059	holler hyundai-holler hyundai - model year-end savings at holler hyundai	4689	place_words	
AE16546-2026-03-04522	towne mazda-towne mazda - lease the 2025 mazda cx-5 select awd at towne mazda	13483	place_words	
AE16546-2025-37-06115	precision garage door of michigan-precision garage door of michigan - precision garage door services	1084	place_words	
AE16546-2025-32-02080	wtkr news 3-wtkr news 3 - local news coverage in norfolk_ hampton_ and newport	2369	place_words	
AE16546-2025-42-08996	shucked-shucked - shucked: the tony award-winning musical comedy at steven tanger center	11788	place_words	
AE16546-2025-42-06018	summa health-summa health - comprehensive orthopedic care at summa health	7382	place_words	
AE16546-2026-04-01131	utah boat show & watersports expo-utah boat show & watersports expo - utah boat show & watersports expo at mountain america expo center	1448	place_words	
AE16546-2025-18-07182	precision garage door of michigan-precision garage door of michigan - precision door services - expert garage door repair	2621	place_words	
AE16546-2026-03-06086	hartford wolf pack-hartford wolf pack - join glow night at people’s bank arena on january 24th	1185	place_words	
AE16546-2022-16-01246	nina deep, md aesthetics-nina deep_ md aesthetics	1094	place_words	
AE16546-2025-11-04548	the window source of rhode island-the window source of rhode island - quality window and door installation services	2829	place_words	
AE16546-2026-03-06437	west coast muscle car club - 22nd annual car & truck show-west coast muscle car club - 22nd annual car & truck show - west coast muscle car and truck show at north collier regional park	2454	place_words	
AE16546-2025-06-02645	fred anderson toyota of asheville-fred anderson toyota of asheville	2968	place_words	
AE16546-2025-02-01421	henson fuerst, attorneys at law-henson fuerst_ attorneys at law	1282	place_words	
AE16546-2026-03-00461	bob’s intowne spas expo-bob’s intowne spas expo - explore hot tubs and swim spas at carlisle expo center	38780	place_words	
AE16546-2025-52-05557	cedar run company-cedar run company - comprehensive pet care and boarding at cedar run company	3623	place_words	
AE16546-2025-24-10674	kentucky skin cancer center-kentucky skin cancer center - comprehensive care in critical moments	3783	place_words	
AE16546-2025-52-08167	chukchansi gold resort & casino-chukchansi gold resort & casino - win big at chukchansi gold resort with $4 million prizes	44766	place_words	
AE16546-2025-13-00619	kingdom church of houston-kingdom church of houston - community event invitation at the dome	6250	place_words	
AE16546-2025-34-06122	alabama department of environmental management - alabama recycling coalition-alabama department of environmental management - alabama recycling coalition - alabama encourages recycling initiative	2599	place_words	
AE16546-2026-03-01019	hendrickcars.com-hendrickcars.com - explore affordable vehicles at hendrickcars.com	78254	place_words	
AE16546-2025-28-03081	animal center for emergency and specialty-animal center for emergency and specialty - comprehensive veterinary services at aces madison_ wi	1940	place_words	
AE16546-2025-52-06733	chevrolet - equinox-chevrolet - equinox - lease a 2026 chevy equinox or silverado for the holidays	35095	place_words	
AE16546-2026-04-00003	the jewel gallery-the jewel gallery - exclusive engagement rings at jewel gallery	1491	place_words	
AE16546-2026-02-07430	nikki glaser - the stunning tour-nikki glaser - the stunning tour - nikki glaser live at cowlitz ballroom_ september 11-12	1909	place_words	
AE16546-2025-27-00103	the vein center of cincinnati-the vein center of cincinnati - the vein center of cincinnati	2754	place_words	
AE16546-2026-03-02528	grand theatre center for the arts - various-grand theatre center for the arts - various - experience live music performances at the grand theatre	1535	place_words	
AE16546-2025-50-05915	jeff schmitt cadillac-jeff schmitt cadillac - explore the 2023 cadillac lineup at jeff schmitt cadillac	2640	place_words	
AE16546-2025-50-10619	abc 4 utah-abc 4 utah - 20 years of sportscasting with dana green	1330	place_words	
AE16546-2026-02-07916	alpine buick gmc south-alpine buick gmc south - 2026 kickoff extravaganza at alpine buick gmc south	8376	place_words	
AE16546-2025-14-04857	auto now-auto now - huge selection of pre-owned vehicles	27267	place_words	
AE16546-2026-02-00723	local burger-local burger - local burger and beverages in east hampton: food and drinks for every occasion	1128	place_words	
AE16546-2025-40-05502	pnc broadway in kansas city - disney’s beauty and the beast-pnc broadway in kansas city - disney’s beauty and the beast - beauty and the beast live show at music hall	5686	place_words	
AE16546-2026-03-08299	huntsville trucks-huntsville trucks - explore reliable trucks at huntsville trucks	1063	place_words	
AE16546-2025-03-01645	schlossmann subaru city of milwaukee-schlossmann subaru city of milwaukee	5796	political	
AE16546-2026-02-03142	hope encourage love protect (h.e.l.p.) - the 47th annual mlk day parade-hope encourage love protect (h.e.l.p.) - the 47th annual mlk day parade - city of dallas mlk day parade celebration	2173	political	
AE16546-2025-52-00876	fox 47-fox 47 - msg 2 teens: vote for your favorite psa now	1568	political	
AE16546-2025-51-08730	the city of albuquerque - abq ride-the city of albuquerque - abq ride - abq ride connect launches expanded coverage with new electric vans	1278	political	
AE16546-2025-34-01859	city of vineland-city of vineland - vineland municipal utilities: community powered	9743	political	
AE16546-2026-03-04476	majority forward-majority forward - dan sullivan’s vote increases alaska health premiums	35989	political	
AE16546-2026-03-00158	mississippi secretary of state - y’all vote-mississippi secretary of state - y’all vote - prepare for mississippi’s 2026 federal primary election	6706	political	
AE16546-2025-48-04650	the city of albuquerque - abq ride-the city of albuquerque - abq ride - abq ride forward: route changes starting december 13_ 2025	3521	political	
AE16546-2025-13-05106	loren taylor for oakland mayor 2025-loren taylor for oakland mayor 2025 - loren taylor’s plan for community safety and technology	1650	political	
AE16546-2026-03-03845	schlossmann subaru city of milwaukee-schlossmann subaru city of milwaukee - 2026 subaru crosstrek lease for $179/month at subaru city	68818	political	
AE16546-2026-01-05823	kitv 4-kitv 4 - vote in the 2026 best of hawaii viewer’s choice awards	4778	political	
AE16546-2026-03-07710	united democracy project-united democracy project - malinowski’s vote questioned in special election ad	82311	political	
AE16546-2026-02-02344	ken gallegos miyagishima for governor committee-ken gallegos miyagishima for governor committee - ken miyagashima for governor campaign ad	1224	political	
AE16546-2026-04-00156	ted for illinois-ted for illinois - ted dabrowski for governor: improve illinois’ future	11148	political	
AE16546-2025-34-02675	city of leeds-city of leeds - leeds community highlights and landmarks	5476	political	
AE16546-2026-03-03924	city of wichita - excellence in public service award-city of wichita - excellence in public service award - nominate for the 2026 excellence in public service awards	17177	political	
AE16546-2025-44-09554	abc 13-abc 13 - accountability matters: vote for chris white	1210	political	
AE16546-2025-47-12792	schlossmann subaru city of milwaukee-schlossmann subaru city of milwaukee - lease the 2025 subaru outback premium at subaru city	2713	political	
AE16546-2025-52-07084	wisconsin department of transportation - msg 2 teens-wisconsin department of transportation - msg 2 teens - vote for your favorite teen driving safety commercial on fox47	1160	political	
AE16546-2025-38-04820	the city of dayton ohio - department of water-the city of dayton ohio - department of water - dayton_ ohio water system sustainability efforts	10399	political	
AE16546-2025-07-02992	city of memphis-city of memphis	6281	political	
AE16546-2025-50-07091	city of hueytown-city of hueytown - hueytown’s community growth and development initiative	14705	political	
AE16546-2025-15-08683	city of memphis - memphis animal services-city of memphis - memphis animal services - animal services and adoption promo	1057	political	
AE16546-2024-06-01568	californians for affordable and reliable energy (care)-californians for affordable and reliable energy (care) - paid for by californians for affordable and reliable energy (care)	8103	political	
AE16546-2026-02-01184	ken gallegos miyagishima for governor committee-ken gallegos miyagishima for governor committee - ken miyagishima for governor campaign ad	2145	political	
AE16546-2026-02-01511	ken gallegos miyagishima for governor committee-ken gallegos miyagishima for governor committee - building a safer and united new mexico with ken miyagashima	1271	political	
AE16546-2026-03-04982	andy thomson for mayor-andy thomson for mayor - thomson advocates for lower costs in boca raton	1299	political	
AE16546-2026-02-08860	ketk-ketk - vote for the best smile in east texas with texas sedation dental	2808	political	
AE16546-2026-02-02412	ken gallegos miyagishima for governor committee-ken gallegos miyagishima for governor committee - ken miyagashima campaign ad for medical malpractice reform	1386	political	
AE16546-2025-46-01062	schlossmann subaru city of milwaukee-schlossmann subaru city of milwaukee - lease the 2025 subaru outback premium for $269 monthly	3136	political	
AE16546-2026-03-05589	mazzei for governor-mazzei for governor - mike mazzei's plan: abolish property taxes for seniors	10228	political	
AE16546-2026-03-05968	kat wall for texas-kat wall for texas - vote for kat wall to reduce austin spending	1920	political	
AE16546-2025-34-02673	city of leeds-city of leeds - exploration of leeds: construction and outdoor attractions	2871	political	
AE16546-2025-20-01185	schlossmann subaru city of milwaukee-schlossmann subaru city of milwaukee - schlossmann subaru city 2025 crosstrek promotion	1171	political	
AE16546-2025-49-04483	city of new york-city of new york - nyc hiring opportunities for public health nurses	1217	political	
AE16546-2025-15-07026	schlossmann subaru city of milwaukee-schlossmann subaru city of milwaukee - 2025 crosstrek premium cvt offer	1832	political	
AE16546-2025-50-02156	building a better arizona pac-building a better arizona pac - trump-endorsed_ conservative businesswoman for governor	81899	political	
AE16546-2025-22-03630	fox 13-fox 13 - vote for your dream team campaign	1497	political	
AE16546-2026-03-03119	mazzei for governor-mazzei for governor - mike mazzei’s tax relief plan for seniors	22895	political	
AE16546-2024-46-03148	city of dearborn - 19th district veterans treatment court-city of dearborn - 19th district veterans treatment court	8091	political	
AE16546-2025-49-02439	city of san antonio - ready to work-city of san antonio - ready to work - san antonio ready to work: career transformation ad	1185	political	
AE16546-2026-03-08046	abc - up close with bill ritter-abc - up close with bill ritter - exclusive interview with mayor mamdani on abc7ny	14909	political	
AE16546-2026-03-03593	[tbd]-georgia special election and legislative session coverage on anf	1661	political	
AE16546-2026-03-05362	city of hollywood, florida government-city of hollywood_ florida government - international music_ food_ and arts festival on johnson street	4524	political	
AE16546-2025-51-01491	schlossmann subaru city of milwaukee-schlossmann subaru city of milwaukee - lease the 2026 subaru crosstrek for $179/month at subaru city	1112	political	
AE16546-2025-47-06743	kcrg-tv 9-kcrg-tv 9 - vote for your kcrg tv9 athlete of the week	8938	political	
AE16546-2024-42-06840	the city of albuquerque - abq ride-the city of albuquerque - abq ride	1141	political	
AE16546-2025-37-05373	schlossmann subaru city of milwaukee-schlossmann subaru city of milwaukee - lease the 2023 subaru crosstrek for $179 per month	3910	political	
AE16546-2024-43-00146	the city of richmond department of public utilities-the city of richmond department of public utilities	1597	political	
AE16546-2025-39-03591	the city of dayton ohio - department of water-the city of dayton ohio - department of water - dayton’s sustainable water practices: innovation and resilience	1160	political	
AE16546-2025-35-00827	city of leeds-city of leeds - leeds city overview and highlights	3122	political	
AE16546-2026-03-03600	friends of jeremy zellner-friends of jeremy zellner - vote jeremy zellner: lower costs and fight maga	129140	political	
AE16546-2026-03-06742	kat wall for texas-kat wall for texas - kat wall: make texas good again_ vote republican	4070	political	
AE16546-2025-32-06935	city of irondale-city of irondale - irondale community and outdoor activities	1463	political	
AE16546-2026-03-02415	mazzei for governor-mazzei for governor - mike mazzei: tax cuts and job training goals	20370	political	
AE16546-2025-16-04778	city of las cruces-city of las cruces - city of las cruces tourism highlights	1296	political	
AE16546-2026-03-02996	michigan freedom network-michigan freedom network - vote against reggie miller to lower energy bills	9268	political	
AE16546-2026-02-05240	andy thomson for mayor-andy thomson for mayor - andy thompson’s commitment to boca’s future	13911	political	
AE16546-2026-01-01515	city of hope - cancer center-city of hope - cancer center - city of hope: a new beginning for cancer survivors	2448	political	
AE16546-2025-34-02171	city of vineland-city of vineland - city of vineland - leader in food processing	10596	political	
AE16546-2026-03-05660	the governor’s prevention partnership-the governor’s prevention partnership - mentor connecticut: building stronger communities together	3944	political	
AE16546-2025-51-03454	the city of albuquerque - abq ride-the city of albuquerque - abq ride - abq ride connect app available for download	1647	political	
AE16546-2025-14-07354	city of irondale-city of irondale - community sports and construction project	1671	political	
AE16546-2026-03-03792	jim pillen for governor-jim pillen for governor - trump endorses jim pillen: proven tax cutter	68119	political	
AE16546-2025-11-04559	schlossmann subaru city of milwaukee-schlossmann subaru city of milwaukee - subaru suv summer sales event promotion	1029	political	
AE16546-2026-03-05688	homes pac-homes pac - vote jason tunney: efficient_ conservative leadership	2141	political	
AE16546-2026-03-02577	eunice reyes campaign-eunice reyes campaign - eunice reyes for county court_ vote march 3rd	6451	political	
AE16546-2025-50-08811	city of menominee-city of menominee - menominee faces lawsuit over cannabis store license reversal	7392	political	
AE16546-2026-03-08288	anf+ - on the record-anf+ - on the record - georgia special election coverage on anf	6241	political	
AE16546-2025-33-00658	schlossmann subaru city of milwaukee-schlossmann subaru city of milwaukee - subaru’s 2025 crosstrek cvt promotion	1170	political	
AE16546-2025-45-06821	louisiana department of state - geauxvote-louisiana department of state - geauxvote - louisiana election changes: closed party primaries explained	3291	political	
AE16546-2025-52-01062	wisconsin department of transportation - msg 2 teens-wisconsin department of transportation - msg 2 teens - msg 2 teens: vote for your favorite on fox47	2078	political	
AE16546-2025-45-01929	abc - eyewitness news this morning-abc - eyewitness news this morning - election day eyewitness news coverage starting 4:30 am	8298	political	
AE16546-2026-02-01224	affordable pennsylvania-affordable pennsylvania - concerns over congressman perry’s medicaid vote	42633	political	
AE16546-2025-42-09170	louisiana secretary of state - closed party primary elections-louisiana secretary of state - closed party primary elections - louisiana election changes: closed party primaries in 2026	5510	political	
AE16546-2026-02-01628	ken gallegos miyagishima for governor committee-ken gallegos miyagishima for governor committee - ken miyagishima for governor: campaign ad	1846	political	
AE16546-2025-28-04213	arizona lottery - scratchers: jurassic park-arizona lottery - scratchers: jurassic park - explore the jungle adventure game	4821	random	
AE16546-2026-02-06305	renewal by andersen-renewal by andersen - window replacement anytime with renewal by andersen	4001	random	
AE16546-2025-32-07946	monarch casino black hawk-monarch casino black hawk - introducing monarch’s winter schedule for 2025	15997	random	
AE16546-2026-01-06734	prutch’s garage door-prutch’s garage door - reliable garage door repair for your family’s needs	1657	random	
AE16546-2025-15-02284	bathworks michigan-bathworks michigan - bath renovation and installation services	5734	random	
AE16546-2025-48-06192	fox local - various-fox local - various - stream fox 2 news anytime with the fox local tv app	7732	random	
AE16546-2026-02-07427	nbc 4 - nbc4 columbus app-nbc 4 - nbc4 columbus app - stream nbc4 columbus on roku_ fire tv_ and more	12226	random	
AE16546-2024-26-02712	news 12 - power and politics-news 12 - power and politics	24098	random	
AE16546-2025-49-02795	baptist health-baptist health - baptist health: advanced heart surgery options	2364	random	
AE16546-2025-41-11988	five star bath solutions-five star bath solutions - bathroom renovation offer from local experts	9842	random	
AE16546-2024-45-02453	south shore health-south shore health	1627	random	
AE16546-2025-33-07337	desoto honda-desoto honda - honda powerhouse desoto honda promotion	1426	random	
AE16546-2024-09-03485	renovasmiles-renovasmiles	5220	random	
AE16546-2025-44-03407	the outsiders-the outsiders - the outsiders: award-winning new musical	13398	random	
AE16546-2025-01-03455	mcguire capital-mcguire capital	2571	random	
AE16546-2025-07-07053	miller, dawson, sigal & ward-miller_ dawson_ sigal & ward	6845	random	
AE16546-2025-43-09122	washington auto law-washington auto law - accident victim compensation promo	2649	random	
AE16546-2026-03-06624	ford - bronco sport-ford - bronco sport - explore new 2025 ford models for ultimate adventure	7697	random	
AE16546-2025-01-08360	family tech connect-family tech connect	1683	random	
AE16546-2024-29-05463	wnem-tv5 - wnem tv5 news app-wnem-tv5 - wnem tv5 news app	1686	random	
AE16546-2026-03-08269	wcsh 6-wcsh 6 - join project heat telethon to support maine’s heating needs	1004	random	
AE16546-2025-06-00806	overhead solutions-overhead solutions	1414	random	
AE16546-2025-48-00858	wten+-wten+ - pet connection unleashed on wten plus	4034	random	
AE16546-2025-23-05530	window world-window world - window world home improvement ad	1617	random	
AE16546-2025-42-08275	fox 17-fox 17 - connect with sam landstra on fox 17	2120	random	
AE16546-2025-49-06998	ocean state credit union-ocean state credit union - ocean state credit union’s move to downtown providence	1505	random	
AE16546-2025-48-02975	v watts furniture-v watts furniture - black friday sale at t&d furniture	1272	random	
AE16546-2025-34-01994	non-stop travel-non-stop travel - u.n. sta world adventure tour celebration	1593	random	
AE16546-2026-03-00885	best mattress-best mattress - best mattress special prices event february 2026	1051	random	
AE16546-2025-48-08946	eegee’s - various-eegee’s - various - eegee’s refreshing beverages and delicious grinders	2335	random	
AE16546-2025-29-05587	wvtm 13-wvtm 13 - wvtm 13 first warning weather: certified most accurate	4382	random	
AE16546-2025-14-05456	fairhaven funeral home and cremation services-fairhaven funeral home and cremation services - funeral services and planning advertisement	1810	random	
AE16546-2025-40-05394	paul padda law-paul padda law - paul padda law - explorer’s journey to recovery	8827	random	
AE16546-2025-45-04857	the husband & wife law team-the husband & wife law team - breyer law offices: husband and wife law team	9795	random	
AE16546-2025-51-09153	3a research-3a research - rosacea clinical trial by 3a research for adults over 18	9926	random	
AE16546-2025-52-04483	midland vinyl product-midland vinyl product - midland vinyl products - quality fence solutions for every need	2925	random	
AE16546-2024-51-03765	sit ’n sleep-sit ’n sleep - 1-800-908-0354	4127	random	
AE16546-2025-49-00706	frontier foundation & crawl space repair-frontier foundation & crawl space repair - improve air quality with frontier foundation services	27037	random	
AE16546-2025-27-11869	frogtape-frogtape - frogtape: perfect edges for painting projects	2035	random	
AE16546-2025-50-05617	susan’s kids-susan’s kids - susan’s kids: success stories and family support	1869	random	
AE16546-2026-02-04122	the home zone-the home zone - homezone hero fabric: durable and stain-resistant upholstery	115927	random	
AE16546-2025-52-06393	fox 12 - fox12 weather app-fox 12 - fox12 weather app - stay informed with first alert weather team updates	2463	random	
AE16546-2025-34-03769	easton industries-easton industries	4333	random	
AE16546-2024-36-01957	stanley steemer-stanley steemer - $55 off air duct cleaning	46614	random	
AE16546-2025-04-00440	channel 9-channel 9	20311	random	
AE16546-2025-31-04600	the factory-the factory - the factory furniture showcase	3542	random	
AE16546-2024-03-08258	mynetworktv - people puzzler-mynetworktv - people puzzler	3379	random	
AE16546-2025-33-07304	gmc - sierra 1500-gmc - sierra 1500 - gmc terrain adventure experience	2026	random	
AE16546-2026-03-05176	sozo addiction recovery center-sozo addiction recovery center - sozo recovery center - arkansas’ first faith-based licensed treatment	4884	random	
AE16546-2025-37-10018	citizens bank-citizens bank - citizens bank: made ready campaign	5643	random	
AE16546-2025-48-05101	jeep - grand cherokee-jeep - grand cherokee - lease the 2025 jeep grand cherokee for $341/month	1502	random	
AE16546-2025-39-00624	11alive+-11alive+ - breaking news coverage on eleven alive plus	21395	random	
AE16546-2026-02-04116	wkrg 5-wkrg 5 - us army corps partners to restore coast using dredged sediment	1445	random	
AE16546-2025-51-02416	dewey ford-dewey ford - drake collaboration with ford - 0% financing offer	4902	random	
AE16546-2026-02-01312	arctic circle - cookie dough-arctic circle - cookie dough - arctic circle cookie dough and oreo shakes promotion	12613	random	
AE16546-2025-06-02252	gatti, keltner, bienvenu & montesi-gatti_ keltner_ bienvenu & montesi	27245	random	
AE16546-2025-51-07781	levin papantonio-levin papantonio - compassionate legal assistance from levin papantonio	3986	random	
AE16546-2024-42-07101	fox local-fox local - available on all streaming devices	5993	random	
AE16546-2026-03-04914	5th avenue furniture-5th avenue furniture - fifth avenue furniture 21st anniversary sale: up to 40% off storewide	60211	random	
AE16546-2025-32-03108	mancini’s sleepworld-mancini’s sleepworld - mancini’s sleepworld mattress selection	1946	random	
AE16546-2026-02-02816	window world-window world - premium quality window solutions for your home	4076	random	
AE16546-2024-01-05821	golightly & associates-golightly & associates	1386	random	
AE16546-2025-47-04085	dorr’s equipment-dorr’s equipment - explore kubota equipment: compact tractors and utility vehicles	2025	random	
AE16546-2026-02-02823	honeycomb financial strategies-honeycomb financial strategies - honeycomb financial strategies: expert guidance for financial clarity	4891	random	
AE16546-2025-13-00863	grismer tire company-grismer tire company - casual restaurant gathering scene	1085	random	
AE16546-2026-03-02905	kaiser permanente - dual special needs (d-snp)-kaiser permanente - dual special needs (d-snp)	8741	random	
AE16546-2025-37-03041	bluestem communities-bluestem communities - bluestem pace: personalized elderly care program	2530	random	
AE16546-2025-27-05622	zerorez carpet cleaning-zerorez carpet cleaning - zerorez carpet cleaning offer	2549	random	
AE16546-2025-36-15921	atlantis casino resort spa reno-atlantis casino resort spa reno - atlantis oyster and sushi bar on sky terrace	1848	random	
AE16546-2026-02-00768	riverside heating & air conditioning-riverside heating & air conditioning - riverside heating and air first alert weather and comfort promotion	9254	random	
AE16546-2025-39-01955	kars-inc-kars-inc - explore quality pre-owned vehicles selection	1500	random	
AE16546-2025-14-04959	energy savers-energy savers - home improvement and energy solutions ad	1460	random	
AE16546-2024-10-02254	dover home remodelers-dover home remodelers	6985	random	
AE16546-2025-34-05700	frank azar car & truck accident lawyers-frank azar car & truck accident lawyers - frank azar legal services - truck wreck claims	12796	random	
AE16546-2025-11-04645	texas mattress makers-texas mattress makers - mattress store promotional offer	1398	random	
AE16546-2024-27-07860	catania and catania-catania and catania	7316	random	
AE16546-2025-37-01236	lewis & keller-lewis & keller - workers’ compensation assistance by lewis & keller	17340	random	
AE16546-2025-40-00480	1-800-hansons-1-800-hansons - roof repair services with 60% off installation	1135	random	
AE16546-2025-24-16063	axio fitness-axio fitness - axio fitness training experience	4875	random	
AE16546-2025-41-01739	bath fitter-bath fitter - bathroom remodeling and tub covering solutions	11085	random	
AE16546-2025-13-01914	hennepin arts - beauty and the beast-hennepin arts - beauty and the beast - beauty and the beast live performance	1460	random	
AE16546-2025-16-03019	armorvue window & door-armorvue window & door - home improvement: window installation services	2588	random	
AE16546-2025-51-10319	whas 11+-whas 11+ - weather impact alerts on whas 11+	5977	random	
AE16546-2026-02-03459	morgan exteriors-morgan exteriors - morgan exteriors high-performance window replacement promotion	13728	random	
AE16546-2025-48-06825	breco federal credit union-breco federal credit union - brecco federal credit union: dream with us	1630	random	
AE16546-2026-03-06668	gorman’s-gorman’s - gormans winter clearance sale with up to 80% off	14400	random	
AE16546-2025-20-03176	walt disney world resort-walt disney world resort - florida resident summer magic ticket promotion	13485	random	
AE16546-2025-24-04283	ford - f-150-ford - f-150 - explore adventure with ford trucks	3104	random	
AE16546-2025-42-08432	10 tampa bay-10 tampa bay - ten tampa bay weather impact alert: stay informed with latest forecasts	5962	random	
AE16546-2022-24-07158	auto-owners insurance-auto-owners insurance	4305	random	
AE16546-2025-07-09793	conservative financial solutions-conservative financial solutions - prepare for 2026 tax changes	1286	random	
AE16546-2025-02-06832	gmc - sierra-gmc - sierra - introducing the gmc sierra lineup | gmc	2901	random	
AE16546-2024-43-01130	mandez’s seafood, bar & grill-mandez’s seafood_ bar & grill	1477	random	
AE16546-2025-31-08805	14 wfie-14 wfie - grow up safe campaign by 12 news	1708	random	
AE16546-2024-47-04425	thompson law-thompson law	1689	random	
AE16546-2025-37-03727	green family hyundai-green family hyundai - green family hyundai: save big on kona sel convenience awd	2698	random	
AE16546-2025-41-02445	american home design-american home design - american home design anniversary sale promotion	14738	random	
AE16546-2025-47-11518	half price hearing aids-half price hearing aids - explore affordable hearing solutions with half price hearing aids	1171	random	
AE16546-2025-15-07658	aqua pump company-aqua pump company - aqua pump services promotional ad	1179	random	
AE16546-2025-38-01294	west herr auto group-west herr auto group - west herr chevrolet promotion: enjoy the ride	3080	random	
AE16546-2026-03-00424	wmtv 15-wmtv 15 - experience london and paris with charlie shortino and colette	10689	random	
AE16546-2026-01-00713	clanahan wellness center-clanahan wellness center - april’s transformation journey with clanahan wellness center	2643	random	
AE16546-2025-40-03764	verizon - fios tv app-verizon - fios tv app - power book iv: force - watch on channel	23680	random	
AE16546-2025-37-04767	larry’s automotive repair-larry’s automotive repair - larry’s auto repair service information	1239	random	
AE16546-2025-45-09128	goldy chrysler dodge jeep ram-goldy chrysler dodge jeep ram - goldie auto year-end vehicle sale	3257	random	
AE16546-2025-34-08925	fox 4-fox 4 - fox 4: community coverage and events	1094	random	
AE16546-2025-43-09023	closets by design-closets by design - optimize your storage space with innovative designs	2424	random	
AE16546-2022-41-06968	king 5 seattle-king 5 seattle	3138	random	
AE16546-2026-01-05750	epic federal credit union-epic federal credit union - epic federal credit union fixed rate credit card steps	4364	random	
AE16546-2026-02-08844	key auto mall-key auto mall - explore key auto mall’s extensive vehicle selection	2535	random	
AE16546-2026-02-05913	cbs - entertainment tonight-cbs - entertainment tonight - et celebrates ’the pit’ season 2 and ’people we meet on vacation’	1004	random	
AE16546-2025-06-08231	alliance for aging research - listen to your heart-alliance for aging research - listen to your heart - valve disease day	2599	random	
AE16546-2023-30-02858	dr. lampee dentistry-dr. lampee dentistry	1116	random	
AE16546-2024-13-07118	eugene airport-eugene airport	1476	random	
AE16546-2025-37-11129	fox local - motivation with marissa-fox local - motivation with marissa - motivation with marissa: inspiring talk show on fox	9506	random	
AE16546-2025-38-09330	wbal-tv 11-wbal-tv 11 - social media: the good and the bad	7403	random	
AE16546-2026-02-04332	j&k home furnishings-j&k home furnishings - j&k home furnishings president’s day sale: save up to 75% storewide	3389	random	
AE16546-2025-17-06081	pendergast law-pendergast law - pendergast law legal services commercial	31395	random	
AE16546-2025-10-03080	paragon festivals - largo seafood & music festival-paragon festivals - largo seafood & music festival - seafood and music festival event	1048	random	
AE16546-2025-01-06171	casa hermosa-casa hermosa	1086	random	
AE16546-2024-52-05548	the improvement store-the improvement store	7560	random	
AE16546-2025-34-05694	mattress direct-mattress direct - mattress direct labor day sale	2121	random	
AE16546-2025-44-00714	ksn-ksn - 3ksn rain gauge giveaway	3896	random	
AE16546-2024-13-01382	stanley steemer-stanley steemer - save $35 on any service	16449	random	
AE16546-2026-01-03543	saint elizabeth community-saint elizabeth community - st. elizabeth community: comprehensive elder care services	2079	random	
AE16546-2025-49-09124	kcrg-tv 9-kcrg-tv 9 - stay informed with abc channel 9 news	12277	random	
AE16546-2025-01-04713	first community bank-first community bank	2542	random	
AE16546-2025-52-02828	rice, murtha & psoras-rice_ murtha & psoras - rice law partnership with usa bobsled team	12185	random	
AE16546-2025-16-08347	wisconsin broadcasters association-wisconsin broadcasters association - local news coverage on fox 6	10042	random	
AE16546-2025-51-05277	cost plus furniture warehouse-cost plus furniture warehouse - cost plus furniture deals on sofas and mattresses	12091	random	
AE16546-2024-38-03177	lennox - ultimate comfort system-lennox - ultimate comfort system	1693	random	
AE16546-2025-42-14139	shadoin electrical services-shadoin electrical services - home transformation with jellyfish lighting	1863	random	
AE16546-2025-36-07202	pitman, kalkhoff, sicula & dentice-pitman_ kalkhoff_ sicula & dentice - pksd legal services - ’we’ll treat your case like it’s our own’	11192	random	
AE16546-2025-07-01578	wpri 12-wpri 12	5909	random	
AE16546-2025-49-00473	wmtv 15 - wmtv15 first alert weather app-wmtv 15 - wmtv15 first alert weather app - 15 first alert weather app for timely weather updates	1325	random	
AE16546-2025-03-07089	caldwell wenzel & asthana-caldwell wenzel & asthana	3749	random	
AE16546-2025-21-07753	dr trailer sales-dr trailer sales - spring deals trailer sale: haul more_ pay less	2211	random	
AE16546-2025-48-01685	precision door service-precision door service - precision garage door service - northern colorado reviews	12790	random	
AE16546-2026-03-01005	bassett furniture-bassett furniture - bassett furniture’s no sales tax event - storewide sale and no interest for a year	17579	random	
AE16546-2026-03-06325	elan furs-elan furs - elan furs annual january blowout sale - 60-70% off	11348	random	
AE16546-2025-49-01332	tavss, fletcher-tavss_ fletcher - tavss fletcher: legal support for recovering lives	7497	random	
AE16546-2025-29-09821	abc 13-abc 13 - accountability matters: car tax vs. real estate tax discussion	1265	random	
AE16546-2025-27-01838	cure-cure - cure auto insurance press conference announcement	5033	random	
AE16546-2024-06-00335	turning point with dr. david jeremiah-turning point with dr. david jeremiah - 1-855-446-8353	2341	random	
AE16546-2025-30-02845	powerlift foundation repair-powerlift foundation repair - leaning elevator tower stabilization by powerlift	1318	random	
AE16546-2025-43-01091	caldwell wenzel & asthana-caldwell wenzel & asthana - caldwell wenzel $1 million insurance result	9722	random	
AE17151-2025-40-00029	telemundo - en casa con telemundo-telemundo - en casa con telemundo - en casa tv show promo on telemundo	1037	random	
AE16546-2026-01-01079	yutka fence-yutka fence - yutka fence: protect your family with quality fencing	2950	random	
AE16546-2025-51-04976	nusenda credit union-nusenda credit union - nusenda credit union community and support initiative	8062	random	
AE16546-2025-14-10940	kirtland federal credit union-kirtland federal credit union - mortgage services promotion by kirtland credit union	2854	random	
AE16546-2025-12-08048	true south tree service & outdoors-true south tree service & outdoors - professional tree service and maintenance	2228	random	
AE16546-2025-01-01955	goldstein, buckley, cechman, rice & purtz-goldstein_ buckley_ cechman_ rice & purtz	2314	random	
AE16546-2024-43-03775	plexaderm skincare - rapid reduction serum-plexaderm skincare - rapid reduction serum - 1-800-489-9369	1407	random	
AE16546-2024-34-06209	renewal by andersen-renewal by andersen	1999	random	
AE16546-2025-16-05275	john foy & associates-john foy & associates - legal assistance for truck accident victims	2256	random	
AE16546-2024-45-08692	boo and henry’s bbq-boo and henry’s bbq	8625	random	
AE16546-2025-30-04146	meaningful beauty - various-meaningful beauty - various - ageless ambition beauty collection featuring cindy	1814	random	
AE16546-2024-49-08000	nbc 5-nbc 5	2075	random	
AE16546-2024-07-09143	cbs 19 - 19 first alert weather app-cbs 19 - 19 first alert weather app	2063	random	
AE16546-2026-01-08385	valdosta furniture & mattress-valdosta furniture & mattress - valdosta furniture and mattress showcase	2132	random	
AE16546-2025-51-07703	local 4-local 4 - 4warn weather app promotion by local 4	1087	random	
AE16546-2025-40-04556	crowley furniture & mattress-crowley furniture & mattress - explore comfort with crowley furniture and mattress	24216	random	
AE16546-2026-02-05892	k to z interiors & outdoor living-k to z interiors & outdoor living - k to z blinds installation for clean_ protected home interiors	2290	random	
AE16546-2025-02-06568	wowt 6 omaha-wowt 6 omaha	1371	random	
AE16546-2023-25-00898	fox 4 kansas city-fox 4 kansas city	2621	random	
AE16546-2024-27-04573	jim hayes-jim hayes	1156	random	
AE16546-2025-20-09942	green country habitat for humanity-green country habitat for humanity - green country habitat for humanity overview	1032	random	
AE16546-2025-12-06548	franciscan health - heart center-franciscan health - heart center - healthcare services by franciscan health	5971	random	
AE16546-2025-02-08580	erickson senior living - greenspring-erickson senior living - greenspring - 888-282-0449	67154	random	
AE16546-2026-01-08313	wegmans food markets-wegmans food markets - affordable hot zone meals for delicious family dinners	184386	random	
AE16546-2025-15-08815	qc kinetix-qc kinetix - qc kinetix non-surgical regeneration ad	2056	random	
AE16546-2025-02-03362	new england toyota dealers-new england toyota dealers - employee scholarship	105952	random	
AE16546-2025-35-02622	diagnostic imaging centers-diagnostic imaging centers - local health services with 9 metro locations	13375	random	
AE16546-2025-48-11148	daily’s-daily’s - daily’s convenience store and local community	2480	random	
AE16546-2026-01-05616	bath experts-bath experts - transform your bathroom with bath experts	1614	random	
AE16546-2025-47-06112	kearny mesa kia-kearny mesa kia - kearney mesa kia - new kia k4 and sportage hybrid offers	1003	random	
AE16546-2026-03-00408	holiday vacations-holiday vacations - explore the canadian rockies with holiday vacations	62064	random	
AE16546-2024-34-06529	lace up detroit - shoes for school-lace up detroit - shoes for school	2258	random	
AE16546-2025-31-08812	fox 41-fox 41 - fox 41 summer cash giveaway	1288	random	
AE16546-2026-03-02544	fox 40+-fox 40+ - stream local news and entertainment on fox 40 plus	9191	random	
AE16546-2024-50-10008	king 5+ - almost live!-king 5+ - almost live!	3169	random	
AE16546-2023-16-05383	wicked-wicked - july 5 to 30	2923	random	
AE16546-2025-51-01754	levine law-levine law - levine law: client testimonials and legal support overview	49891	random	
AE16546-2025-21-03765	trinity memorial centers funeral home-trinity memorial centers funeral home - trinity healthcare promotional overview	2573	random	
AE16546-2025-01-04741	shen yun-shen yun - 888-633-6999	11905	random	
AE16546-2026-02-01796	constellation home-constellation home - constellation home employee pricing event for water heaters	23108	random	
AE16546-2026-04-00653	leafguard gutters-leafguard gutters	27310	random	
AE16546-2025-41-03588	centrica care navigators-centrica care navigators - centrica care navigators: expert care for your family	7850	random	
AE16546-2025-45-11291	first alert 6-first alert 6 - first alert 6: omaha’s investigative reporting with brian mastery	1172	random	
AE16546-2025-41-02507	hom furniture-hom furniture - beautyrest black mattress fall savings event	1365	random	
AE16546-2025-15-10012	texas mattress makers-texas mattress makers - home furniture and mattress sale event	10228	random	
AE16546-2025-23-06564	airline liquidators-airline liquidators - airline liquidators back to school supplies	1742	random	
AE16546-2026-03-03688	walt sweeney ford-walt sweeney ford - drive a ford maverick xl for $379 monthly	1516	random	
AE16546-2025-21-02438	marks & harrison-marks & harrison - insurance claim support by marks & harrison	40021	random	
AE16546-2025-45-00742	victors home solutions-victors home solutions - roof inspection and maintenance services by victor’s home solutions	9003	random	
AE16546-2025-05-02935	antone’s kitchen-antone’s kitchen	3768	random	
AE16546-2025-28-01093	sorensen wilder & associates-sorensen wilder & associates - sorensen wilder & midwest safety solutions school safety	1935	random	
AE16546-2024-43-06850	bernie & phyl’s furniture-bernie & phyl’s furniture - october savings event	1070	random	
AE16546-2025-28-04470	channel 8 klkn-tv - lincoln news app-channel 8 klkn-tv - lincoln news app - critical weather alert - stay informed with the app	1621	random	
AE16546-2025-50-01157	7th street casino-7th street casino - 7th street casino december cash prizes event	3137	random	
